{"cameraMode":{"drawMode":0,"name":"Shaded","section":"Shading Mode"},"sceneLighting":false,"audioPlay":false,"sceneViewState":{"showFog":true,"showMaterialUpdate":false,"showSkybox":false,"showFlares":true,"showImageEffects":true,"showParticleSystems":true},"in2DMode":false,"pivot":{"x":4.40775728225708,"y":0.9097967147827148,"z":4.040746688842773},"rotation":{"x":0.12167366594076157,"y":0.8200871348381043,"z":-0.1897045224905014,"w":0.525993287563324},"size":0.10012365877628327,"orthographic":true}