{"cameraMode":{"drawMode":0,"name":"Shaded","section":"Shading Mode"},"sceneLighting":true,"audioPlay":false,"sceneViewState":{"showFog":true,"showMaterialUpdate":false,"showSkybox":true,"showFlares":true,"showImageEffects":true,"showParticleSystems":true},"in2DMode":false,"pivot":{"x":-2.980232238769531e-7,"y":1.000000238418579,"z":-0.0000015497207641601563},"rotation":{"x":0.15082348883152009,"y":-0.03558005020022392,"z":0.005431934725493193,"w":0.9879059791564941},"size":1.5102285146713257,"orthographic":true}