{"cameraMode":{"drawMode":0,"name":"Shaded","section":"Shading Mode"},"sceneLighting":true,"audioPlay":false,"sceneViewState":{"showFog":true,"showMaterialUpdate":false,"showSkybox":true,"showFlares":true,"showImageEffects":true,"showParticleSystems":true},"in2DMode":false,"pivot":{"x":0.3368816375732422,"y":1.8526725769042969,"z":3.3087382316589357},"rotation":{"x":0.1553289294242859,"y":-0.02222498506307602,"z":0.003495433134958148,"w":0.9876076579093933},"size":2.5788962841033937,"orthographic":true}